KHH,ZQLX,KPBZ,MMFXFW,FYLB,WTFSFW,ZKBL,SX,XX,DJJSFS
361000012550,EBS,O,1|2,1,1129, 0.010000,      0.00,      0.00,1
361000012550,EBS,C,1|2,1,1129, 0.010000,      0.00,      0.00,1
361000012550,EBS,E,1|2,1,1129, 0.010000,      0.00,      0.00,1
373000013049,ASH,O,1|2,1,4095, 0.500000,      0.00,      0.00,1
373000013049,ASH,C,1|2,1,4095, 0.500000,      0.00,      0.00,1
373000013049,ASH,E,1|2,1,4095, 0.500000,      0.00,      0.00,1
373000013049,EBS,O,1|2,1,4095, 0.010000,      0.00,      0.00,1
373000013049,EBS,C,1|2,1,4095, 0.010000,      0.00,      0.00,1
373000013049,EBS,E,1|2,1,4095, 0.010000,      0.00,      0.00,1
339000017810,ASH,O,1|2,1,1129, 0.010000,      0.00,      0.00,1
339000017810,ASH,C,1|2,1,1129, 0.010000,      0.00,      0.00,1
339000017810,ASH,E,1|2,1,1129, 0.010000,      0.00,      0.00,1
339000017810,EBS,O,1|2,1,1129, 0.010000,      0.00,      0.00,1
339000017810,EBS,C,1|2,1,1129, 0.010000,      0.00,      0.00,1
339000017810,EBS,E,1|2,1,1129, 0.010000,      0.00,      0.00,1
371000011826,ASH,O,1|2,1,1129, 0.010000,      0.00,      0.00,1
371000011826,ASH,C,1|2,1,1129, 0.010000,      0.00,      0.00,1
371000011826,ASH,E,1|2,1,1129, 0.010000,      0.00,      0.00,1
371000011826,EBS,O,1|2,1,1129, 0.010000,      0.00,      0.00,1
371000011826,EBS,C,1|2,1,1129, 0.010000,      0.00,      0.00,1
371000011826,EBS,E,1|2,1,1129, 0.010000,      0.00,      0.00,1
388000011568,EBS,O,1|2,1,4095, 0.020000,      0.00,      0.00,1
388000011568,EBS,C,1|2,1,4095, 0.020000,      0.00,      0.00,1
388000011568,EBS,E,1|2,1,4095, 0.020000,      0.00,      0.00,1
501000010105,EBS,C,1|2,1,1128, 0.020000,      0.00,      0.00,1
501000010105,EBS,E,1|2,1,1128, 0.020000,      0.00,      0.00,1
501000010105,EBS,O,1|2,1,1128, 0.020000,      0.00,      0.00,1
501000010026,EBS,E,1|2,1,1129, 0.010000,      0.00,      0.00,1
501000010026,EBS,C,1|2,1,1129, 0.010000,      0.00,      0.00,1
501000010026,EBS,O,1|2,1,1129, 0.010000,      0.00,      0.00,1
501000010026,ASH,E,1|2,1,1129, 0.010000,      0.00,      0.00,1
501000010026,ASH,C,1|2,1,1129, 0.010000,      0.00,      0.00,1
501000010026,ASH,O,1|2,1,1129, 0.010000,      0.00,      0.00,1
501000010092,EBS,E,1|2,1,1128, 0.010000,      0.00,      0.00,1
501000010092,EBS,C,1|2,1,1128, 0.010000,      0.00,      0.00,1
501000010092,EBS,O,1|2,1,1128, 0.010000,      0.00,      0.00,1
501000010090,EBS,E,1|2,1,1128, 0.020000,      0.00,      0.00,1
501000010090,EBS,C,1|2,1,1128, 0.020000,      0.00,      0.00,1
501000010090,EBS,O,1|2,1,1128, 0.020000,      0.00,      0.00,1
398000012255,EBS,O,1|2,1,1129, 0.020000,      0.00,      0.00,1
398000012255,EBS,C,1|2,1,1129, 0.020000,      0.00,      0.00,1
398000012255,EBS,E,1|2,1,1129, 0.020000,      0.00,      0.00,1
398000011768,EBS,O,1|2,1,1129, 0.020000,      0.00,      0.00,1
398000011768,EBS,C,1|2,1,1129, 0.020000,      0.00,      0.00,1
398000011768,EBS,E,1|2,1,1129, 0.020000,      0.00,      0.00,1
356000012789,EBS,O,1|2,1,1129, 0.100000,      0.00,      0.00,1
356000012789,EBS,C,1|2,1,1129, 0.100000,      0.00,      0.00,1
356000012789,EBS,E,1|2,1,1129, 0.100000,      0.00,      0.00,1
356000012789,EBS,Z,1|2,1,1129, 0.100000,      0.00,      0.00,1
356000012789,EBS,Y,1|2,1,1129, 0.100000,      0.00,      0.00,1
314000041442,EBS,O,1|2,1,1129, 0.010000,      0.00,      0.00,1
314000041442,EBS,C,1|2,1,1129, 0.010000,      0.00,      0.00,1
314000041442,EBS,E,1|2,1,1129, 0.010000,      0.00,      0.00,1
505000010195,EBS,O,1|2,1,1129, 0.010000,      0.00,      0.00,1
505000010195,EBS,C,1|2,1,1129, 0.010000,      0.00,      0.00,1
505000010195,EBS,E,1|2,1,1129, 0.010000,      0.00,      0.00,1
339000017461,EBS,E,1|2,1,1129, 0.010000,      0.00,      0.00,1
339000017461,EBS,C,1|2,1,1129, 0.010000,      0.00,      0.00,1
339000017461,EBS,O,1|2,1,1129, 0.010000,      0.00,      0.00,1
339000017461,ASH,E,1|2,1,1129, 0.010000,      0.00,      0.00,1
339000017461,ASH,C,1|2,1,1129, 0.010000,      0.00,      0.00,1
339000017461,ASH,O,1|2,1,1129, 0.010000,      0.00,      0.00,1
316000032406,ASH,O,1|2,1,1128, 0.500000,      0.00,      0.00,1
316000032406,ASH,C,1|2,1,1128, 0.500000,      0.00,      0.00,1
316000032406,ASH,E,1|2,1,1128, 0.500000,      0.00,      0.00,1
316000032406,EBS,E,1|2,1,1128, 0.060000,      0.00,      0.00,1
316000032406,EBS,C,1|2,1,1128, 0.060000,      0.00,      0.00,1
316000032406,EBS,O,1|2,1,1128, 0.060000,      0.00,      0.00,1
368000010742,EBS,E,1|2,1,1120, 0.020000,      0.00,      0.00,1
368000010742,EBS,C,1|2,1,1120, 0.020000,      0.00,      0.00,1
368000010742,EBS,O,1|2,1,1120, 0.020000,      0.00,      0.00,1
398000068075,EBS,O,1|2,1,1129, 0.010000,      0.00,      0.00,1
398000068075,EBS,C,1|2,1,1129, 0.010000,      0.00,      0.00,1
398000068075,EBS,E,1|2,1,1129, 0.010000,      0.00,      0.00,1
501000010193,EBS,O,1|2,1,1129, 0.010000,      0.00,      0.00,1
501000010193,EBS,C,1|2,1,1129, 0.010000,      0.00,      0.00,1
501000010193,EBS,E,1|2,1,1129, 0.010000,      0.00,      0.00,1
388000011671,EBS,O,1|2,1,4095, 0.010000,      0.00,      0.00,1
388000011671,EBS,C,1|2,1,4095, 0.010000,      0.00,      0.00,1
388000011671,EBS,E,1|2,1,4095, 0.010000,      0.00,      0.00,1
351000011742,EBS,O,1|2,1,1129, 0.240000,      0.00,      0.00,1
351000011742,EBS,C,1|2,1,1129, 0.240000,      0.00,      0.00,1
351000011742,EBS,E,1|2,1,1129, 0.240000,      0.00,      0.00,1
361000013680,EBS,O,1|2,1,1129, 0.190000,      0.00,      0.00,1
361000013680,EBS,C,1|2,1,1129, 0.190000,      0.00,      0.00,1
361000013680,EBS,E,1|2,1,1129, 0.190000,      0.00,      0.00,1
339000018190,ASH,O,1|2,1,1129, 0.010000,      0.00,      0.00,1
339000018190,ASH,C,1|2,1,1129, 0.010000,      0.00,      0.00,1
339000018190,ASH,E,1|2,1,1129, 0.010000,      0.00,      0.00,1
339000018190,EBS,E,1|2,1,1129, 0.010000,      0.00,      0.00,1
339000018190,EBS,C,1|2,1,1129, 0.010000,      0.00,      0.00,1
339000018190,EBS,O,1|2,1,1129, 0.010000,      0.00,      0.00,1
351000011293,EBS,O,1|2,1,1129, 0.060000,      0.00,      0.00,1
351000011293,EBS,C,1|2,1,1129, 0.060000,      0.00,      0.00,1
351000011293,EBS,E,1|2,1,1129, 0.060000,      0.00,      0.00,1
339000018189,ASH,O,1|2,1,1129, 0.010000,      0.00,      0.00,1
339000018189,ASH,C,1|2,1,1129, 0.010000,      0.00,      0.00,1
339000018189,ASH,E,1|2,1,1129, 0.010000,      0.00,      0.00,1
339000018189,EBS,E,1|2,1,1129, 0.010000,      0.00,      0.00,1
339000018189,EBS,C,1|2,1,1129, 0.010000,      0.00,      0.00,1
339000018189,EBS,O,1|2,1,1129, 0.010000,      0.00,      0.00,1
386000011053,EBS,C,1|2,1,1121, 0.140000,      0.00,      0.00,1
386000011053,EBS,E,1|2,1,1121, 0.140000,      0.00,      0.00,1
386000011053,EBS,O,1|2,1,1121, 0.140000,      0.00,      0.00,1
316000032418,ASH,O,1|2,1,1128, 0.500000,      0.00,      0.00,1
316000032418,ASH,C,1|2,1,1128, 0.500000,      0.00,      0.00,1
316000032418,ASH,E,1|2,1,1128, 0.500000,      0.00,      0.00,1
316000032418,EBS,E,1|2,1,1128, 0.040000,      0.00,      0.00,1
316000032418,EBS,C,1|2,1,1128, 0.040000,      0.00,      0.00,1
316000032418,EBS,O,1|2,1,1128, 0.040000,      0.00,      0.00,1
316000032405,ASH,O,1|2,1,1128, 0.500000,      0.00,      0.00,1
316000032405,ASH,C,1|2,1,1128, 0.500000,      0.00,      0.00,1
316000032405,ASH,E,1|2,1,1128, 0.500000,      0.00,      0.00,1
316000032405,EBS,O,1|2,1,1128, 0.010000,      0.00,      0.00,1
316000032405,EBS,C,1|2,1,1128, 0.010000,      0.00,      0.00,1
316000032405,EBS,E,1|2,1,1128, 0.010000,      0.00,      0.00,1
316000032365,ASH,O,1|2,1,1128, 0.500000,      0.00,      0.00,1
316000032365,ASH,C,1|2,1,1128, 0.500000,      0.00,      0.00,1
316000032365,ASH,E,1|2,1,1128, 0.500000,      0.00,      0.00,1
316000032365,EBS,O,1|2,1,1128, 0.140000,      0.00,      0.00,1
316000032365,EBS,C,1|2,1,1128, 0.140000,      0.00,      0.00,1
316000032365,EBS,E,1|2,1,1128, 0.140000,      0.00,      0.00,1
316000032392,ASH,O,1|2,1,1128, 0.500000,      0.00,      0.00,1
316000032392,ASH,C,1|2,1,1128, 0.500000,      0.00,      0.00,1
316000032392,ASH,E,1|2,1,1128, 0.500000,      0.00,      0.00,1
316000032392,EBS,E,1|2,1,1128, 0.020000,      0.00,      0.00,1
316000032392,EBS,C,1|2,1,1128, 0.020000,      0.00,      0.00,1
316000032392,EBS,O,1|2,1,1128, 0.020000,      0.00,      0.00,1
356000012920,EBS,O,1|2,1,1128, 0.010000,      0.00,      0.00,1
356000012920,EBS,C,1|2,1,1128, 0.010000,      0.00,      0.00,1
356000012920,EBS,E,1|2,1,1128, 0.010000,      0.00,      0.00,1
356000012907,EBS,O,1|2,1,1129, 0.030000,      0.00,      0.00,1
356000012907,EBS,C,1|2,1,1129, 0.030000,      0.00,      0.00,1
356000012907,EBS,E,1|2,1,1129, 0.030000,      0.00,      0.00,1
339000017418,EBS,O,1|2,1,1129, 0.010000,      0.00,      0.00,1
339000017418,EBS,E,1|2,1,1129, 0.010000,      0.00,      0.00,1
339000017418,EBS,C,1|2,1,1129, 0.010000,      0.00,      0.00,1
339000017418,ASH,E,1|2,1,1129, 0.010000,      0.00,      0.00,1
339000017418,ASH,C,1|2,1,1129, 0.010000,      0.00,      0.00,1
339000017418,ASH,O,1|2,1,1129, 0.010000,      0.00,      0.00,1
339000017349,EBS,E,1|2,1,1129, 0.010000,      0.00,      0.00,1
339000017349,EBS,C,1|2,1,1129, 0.010000,      0.00,      0.00,1
339000017349,ASH,E,1|2,1,1129, 0.010000,      0.00,      0.00,1
339000017349,EBS,O,1|2,1,1129, 0.010000,      0.00,      0.00,1
339000017349,ASH,C,1|2,1,1129, 0.010000,      0.00,      0.00,1
339000017349,ASH,O,1|2,1,1129, 0.010000,      0.00,      0.00,1
339000015327,EBS,O,1|2,1,1129, 0.010000,      0.00,      0.00,1
339000015327,ASH,C,1|2,1,1129, 0.010000,      0.00,      0.00,1
339000015327,ASH,O,1|2,1,1129, 0.010000,      0.00,      0.00,1
339000015327,EBS,E,1|2,1,1129, 0.010000,      0.00,      0.00,1
339000015327,EBS,C,1|2,1,1129, 0.010000,      0.00,      0.00,1
339000015327,ASH,E,1|2,1,1129, 0.010000,      0.00,      0.00,1
339000017363,EBS,E,1|2,1,1129, 0.010000,      0.00,      0.00,1
339000017363,EBS,C,1|2,1,1129, 0.010000,      0.00,      0.00,1
339000017363,ASH,E,1|2,1,1129, 0.010000,      0.00,      0.00,1
339000017363,EBS,O,1|2,1,1129, 0.010000,      0.00,      0.00,1
339000017363,ASH,O,1|2,1,1129, 0.010000,      0.00,      0.00,1
339000017363,ASH,C,1|2,1,1129, 0.010000,      0.00,      0.00,1
390000010267,ASH,O,1|2,1,1129, 0.020000,      0.00,      0.00,1
390000010267,ASH,C,1|2,1,1129, 0.020000,      0.00,      0.00,1
390000010267,ASH,E,1|2,1,1129, 0.020000,      0.00,      0.00,1
390000010267,EBS,O,1|2,1,1129, 0.020000,      0.00,      0.00,1
390000010267,EBS,C,1|2,1,1129, 0.020000,      0.00,      0.00,1
390000010267,EBS,E,1|2,1,1129, 0.020000,      0.00,      0.00,1
501000010027,EBS,O,1|2,1,1129, 0.020000,      0.00,      0.00,1
501000010027,EBS,C,1|2,1,1129, 0.020000,      0.00,      0.00,1
501000010027,EBS,E,1|2,1,1129, 0.020000,      0.00,      0.00,1
376000020559,ASH,O,1|2,1,1129, 0.040000,      0.00,      0.00,1
376000020559,ASH,C,1|2,1,1129, 0.040000,      0.00,      0.00,1
376000020559,ASH,E,1|2,1,1129, 0.040000,      0.00,      0.00,1
376000020559,EBS,O,1|2,1,1129, 0.040000,      0.00,      0.00,1
376000020559,EBS,C,1|2,1,1129, 0.040000,      0.00,      0.00,1
376000020559,EBS,E,1|2,1,1129, 0.040000,      0.00,      0.00,1
316000032420,ASH,O,1|2,1,1128, 0.500000,      0.00,      0.00,1
316000032420,ASH,C,1|2,1,1128, 0.500000,      0.00,      0.00,1
316000032420,ASH,E,1|2,1,1128, 0.500000,      0.00,      0.00,1
316000032420,EBS,O,1|2,1,1128, 0.010000,      0.00,      0.00,1
316000032420,EBS,C,1|2,1,1128, 0.010000,      0.00,      0.00,1
316000032420,EBS,E,1|2,1,1128, 0.010000,      0.00,      0.00,1
316000032078,EBS,C,1|2,1,1128, 0.040000,      0.00,      0.00,1
316000032078,EBS,O,1|2,1,1128, 0.040000,      0.00,      0.00,1
316000032078,ASH,E,1|2,1,1128, 0.500000,      0.00,      0.00,1
316000032078,ASH,C,1|2,1,1128, 0.500000,      0.00,      0.00,1
316000032078,EBS,E,1|2,1,1128, 0.040000,      0.00,      0.00,1
316000032078,ASH,O,1|2,1,1128, 0.500000,      0.00,      0.00,1
398000011265,EBS,E,1|2,1,1145, 0.010000,      0.00,      0.00,1
398000011265,EBS,C,1|2,1,1145, 0.010000,      0.00,      0.00,1
398000011265,EBS,O,1|2,1,1145, 0.010000,      0.00,      0.00,1
373000019988,EBS,O,1|2,1,4095, 0.020000,      0.00,      0.00,1
373000019988,EBS,C,1|2,1,4095, 0.020000,      0.00,      0.00,1
373000019988,EBS,E,1|2,1,4095, 0.020000,      0.00,      0.00,1
505000010157,EBS,O,1|2,1,1129, 0.010000,      0.00,      0.00,1
505000010157,EBS,C,1|2,1,1129, 0.010000,      0.00,      0.00,1
505000010157,EBS,E,1|2,1,1129, 0.010000,      0.00,      0.00,1
339000017391,EBS,C,1|2,1,1129, 0.010000,      0.00,      0.00,1
339000017391,ASH,E,1|2,1,1129, 0.010000,      0.00,      0.00,1
339000017391,ASH,C,1|2,1,1129, 0.010000,      0.00,      0.00,1
339000017391,ASH,O,1|2,1,1129, 0.010000,      0.00,      0.00,1
339000017391,EBS,E,1|2,1,1129, 0.010000,      0.00,      0.00,1
339000017391,EBS,O,1|2,1,1129, 0.010000,      0.00,      0.00,1
505000010171,EBS,O,1|2,1,1129, 0.010000,      0.00,      0.00,1
505000010171,EBS,C,1|2,1,1129, 0.010000,      0.00,      0.00,1
505000010171,EBS,E,1|2,1,1129, 0.010000,      0.00,      0.00,1
398000032843,EBS,O,1|2,1,1129, 0.050000,      0.00,      0.00,1
398000032843,EBS,C,1|2,1,1129, 0.050000,      0.00,      0.00,1
398000032843,EBS,E,1|2,1,1129, 0.050000,      0.00,      0.00,1
505000010118,EBS,O,1|2,1,1129, 0.010000,      0.00,      0.00,1
505000010118,EBS,C,1|2,1,1129, 0.010000,      0.00,      0.00,1
505000010118,EBS,E,1|2,1,1129, 0.010000,      0.00,      0.00,1
398000015216,EBS,O,1|2,1,1129, 0.140000,      0.00,      0.00,1
398000015216,EBS,C,1|2,1,1129, 0.140000,      0.00,      0.00,1
398000015216,EBS,E,1|2,1,1129, 0.140000,      0.00,      0.00,1
321000061212,EBS,O,1|2,1,1129, 0.040000,      0.00,      0.00,1
321000061212,EBS,C,1|2,1,1129, 0.040000,      0.00,      0.00,1
321000061212,EBS,E,1|2,1,1129, 0.040000,      0.00,      0.00,1
339000017447,EBS,E,1|2,1,1129, 0.020000,      0.00,      0.00,1
339000017447,EBS,C,1|2,1,1129, 0.020000,      0.00,      0.00,1
339000017447,ASH,E,1|2,1,1129, 0.020000,      0.00,      0.00,1
339000017447,ASH,C,1|2,1,1129, 0.020000,      0.00,      0.00,1
339000017447,EBS,O,1|2,1,1129, 0.020000,      0.00,      0.00,1
339000017447,ASH,O,1|2,1,1129, 0.020000,      0.00,      0.00,1
378000011660,ASH,E,1|2,1,1129, 1.000000,      0.00,      0.00,1
378000011660,ASH,C,1|2,1,1129, 1.000000,      0.00,      0.00,1
378000011660,ASH,O,1|2,1,1129, 1.000000,      0.00,      0.00,1
378000011660,EBS,O,1|2,1,1129, 0.010000,      0.00,      0.00,1
378000011660,EBS,E,1|2,1,1129, 0.010000,      0.00,      0.00,1
378000011660,EBS,C,1|2,1,1129, 0.010000,      0.00,      0.00,1
339000017396,EBS,E,1|2,1,1129, 0.010000,      0.00,      0.00,1
339000017396,EBS,C,1|2,1,1129, 0.010000,      0.00,      0.00,1
339000017396,EBS,O,1|2,1,1129, 0.010000,      0.00,      0.00,1
339000017396,ASH,E,1|2,1,1129, 0.010000,      0.00,      0.00,1
339000017396,ASH,C,1|2,1,1129, 0.010000,      0.00,      0.00,1
339000017396,ASH,O,1|2,1,1129, 0.010000,      0.00,      0.00,1
339000017352,EBS,E,1|2,1,1129, 0.010000,      0.00,      0.00,1
339000017352,EBS,C,1|2,1,1129, 0.010000,      0.00,      0.00,1
339000017352,EBS,O,1|2,1,1129, 0.010000,      0.00,      0.00,1
339000017352,ASH,O,1|2,1,1129, 0.010000,      0.00,      0.00,1
339000017352,ASH,E,1|2,1,1129, 0.010000,      0.00,      0.00,1
339000017352,ASH,C,1|2,1,1129, 0.010000,      0.00,      0.00,1
505000010223,EBS,O,1|2,1,1129, 0.010000,      0.00,      0.00,1
505000010223,EBS,C,1|2,1,1129, 0.010000,      0.00,      0.00,1
505000010223,EBS,E,1|2,1,1129, 0.010000,      0.00,      0.00,1
339000017406,EBS,E,1|2,1,1129, 0.010000,      0.00,      0.00,1
339000017406,EBS,C,1|2,1,1129, 0.010000,      0.00,      0.00,1
339000017406,EBS,O,1|2,1,1129, 0.010000,      0.00,      0.00,1
339000017406,ASH,C,1|2,1,1129, 0.010000,      0.00,      0.00,1
339000017406,ASH,O,1|2,1,1129, 0.010000,      0.00,      0.00,1
339000017406,ASH,E,1|2,1,1129, 0.010000,      0.00,      0.00,1
339000017362,EBS,E,1|2,1,1129, 0.010000,      0.00,      0.00,1
339000017362,EBS,C,1|2,1,1129, 0.010000,      0.00,      0.00,1
339000017362,EBS,O,1|2,1,1129, 0.010000,      0.00,      0.00,1
339000017362,ASH,E,1|2,1,1129, 0.010000,      0.00,      0.00,1
339000017362,ASH,C,1|2,1,1129, 0.010000,      0.00,      0.00,1
339000017362,ASH,O,1|2,1,1129, 0.010000,      0.00,      0.00,1
368000012271,EBS,C,1|2,1,1120, 0.100000,      0.00,      0.00,1
368000012271,EBS,E,1|2,1,1120, 0.100000,      0.00,      0.00,1
368000012271,EBS,O,1|2,1,1120, 0.100000,      0.00,      0.00,1
508000010135,EBS,O,1|2,1,4095, 0.020000,      0.00,      0.00,1
508000010135,EBS,C,1|2,1,4095, 0.020000,      0.00,      0.00,1
508000010135,EBS,E,1|2,1,4095, 0.020000,      0.00,      0.00,1
339000017457,EBS,O,1|2,1,1129, 0.010000,      0.00,      0.00,1
339000017457,ASH,E,1|2,1,1129, 0.010000,      0.00,      0.00,1
339000017457,ASH,C,1|2,1,1129, 0.010000,      0.00,      0.00,1
339000017457,ASH,O,1|2,1,1129, 0.010000,      0.00,      0.00,1
339000017457,EBS,E,1|2,1,1129, 0.010000,      0.00,      0.00,1
339000017457,EBS,C,1|2,1,1129, 0.010000,      0.00,      0.00,1
339000017397,EBS,E,1|2,1,1129, 0.010000,      0.00,      0.00,1
339000017397,ASH,E,1|2,1,1129, 0.010000,      0.00,      0.00,1
339000017397,ASH,C,1|2,1,1129, 0.010000,      0.00,      0.00,1
339000017397,ASH,O,1|2,1,1129, 0.010000,      0.00,      0.00,1
339000017397,EBS,C,1|2,1,1129, 0.010000,      0.00,      0.00,1
339000017397,EBS,O,1|2,1,1129, 0.010000,      0.00,      0.00,1
398000012160,EBS,O,1|2,1,1145, 0.010000,      0.00,      0.00,1
398000012160,EBS,E,1|2,1,1145, 0.010000,      0.00,      0.00,1
398000012160,EBS,C,1|2,1,1145, 0.010000,      0.00,      0.00,1
339000017466,EBS,E,1|2,1,1129, 0.010000,      0.00,      0.00,1
339000017466,EBS,C,1|2,1,1129, 0.010000,      0.00,      0.00,1
339000017466,EBS,O,1|2,1,1129, 0.010000,      0.00,      0.00,1
339000017466,ASH,E,1|2,1,1129, 0.010000,      0.00,      0.00,1
339000017466,ASH,C,1|2,1,1129, 0.010000,      0.00,      0.00,1
339000017466,ASH,O,1|2,1,1129, 0.010000,      0.00,      0.00,1
398000011500,EBS,C,1|2,1,1145, 0.010000,      0.00,      0.00,1
398000011500,EBS,E,1|2,1,1145, 0.010000,      0.00,      0.00,1
398000011500,EBS,O,1|2,1,1145, 0.010000,      0.00,      0.00,1
339000017805,ASH,O,1|2,1,1129, 0.010000,      0.00,      0.00,1
339000017805,ASH,C,1|2,1,1129, 0.010000,      0.00,      0.00,1
339000017805,ASH,E,1|2,1,1129, 0.010000,      0.00,      0.00,1
339000017805,EBS,O,1|2,1,1129, 0.010000,      0.00,      0.00,1
339000017805,EBS,C,1|2,1,1129, 0.010000,      0.00,      0.00,1
339000017805,EBS,E,1|2,1,1129, 0.010000,      0.00,      0.00,1
339000017469,EBS,E,1|2,1,1129, 0.010000,      0.00,      0.00,1
339000017469,EBS,C,1|2,1,1129, 0.010000,      0.00,      0.00,1
339000017469,EBS,O,1|2,1,1129, 0.010000,      0.00,      0.00,1
339000017469,ASH,E,1|2,1,1129, 0.010000,      0.00,      0.00,1
339000017469,ASH,C,1|2,1,1129, 0.010000,      0.00,      0.00,1
339000017469,ASH,O,1|2,1,1129, 0.010000,      0.00,      0.00,1
339000017446,EBS,E,1|2,1,1129, 0.010000,      0.00,      0.00,1
339000017446,EBS,C,1|2,1,1129, 0.010000,      0.00,      0.00,1
339000017446,EBS,O,1|2,1,1129, 0.010000,      0.00,      0.00,1
339000017446,ASH,E,1|2,1,1129, 0.010000,      0.00,      0.00,1
339000017446,ASH,C,1|2,1,1129, 0.010000,      0.00,      0.00,1
339000017446,ASH,O,1|2,1,1129, 0.010000,      0.00,      0.00,1
319000010218,EBS,O,1|2,1,1128, 0.040000,      0.00,      0.00,1
319000010218,EBS,C,1|2,1,1128, 0.040000,      0.00,      0.00,1
319000010218,EBS,E,1|2,1,1128, 0.040000,      0.00,      0.00,1
505000010247,EBS,O,1|2,1,1129, 0.020000,      0.00,      0.00,1
505000010247,EBS,C,1|2,1,1129, 0.020000,      0.00,      0.00,1
505000010247,EBS,E,1|2,1,1129, 0.020000,      0.00,      0.00,1
319000068888,EBS,O,1|2,1,1128, 0.040000,      0.00,      0.00,1
319000068888,EBS,C,1|2,1,1128, 0.040000,      0.00,      0.00,1
319000068888,EBS,E,1|2,1,1128, 0.040000,      0.00,      0.00,1
361000013650,EBS,O,1|2,1,1129, 0.010000,      0.00,      0.00,1
361000013650,EBS,C,1|2,1,1129, 0.010000,      0.00,      0.00,1
361000013650,EBS,E,1|2,1,1129, 0.010000,      0.00,      0.00,1
378000012159,EBS,O,1|2,1,1129, 0.040000,      0.00,      0.00,1
378000012159,EBS,C,1|2,1,1129, 0.040000,      0.00,      0.00,1
378000012159,EBS,E,1|2,1,1129, 0.040000,      0.00,      0.00,1
316000032502,EBS,O,1|2,1,1129, 0.020000,      0.00,      0.00,1
316000032502,EBS,C,1|2,1,1129, 0.020000,      0.00,      0.00,1
316000032502,EBS,E,1|2,1,1129, 0.020000,      0.00,      0.00,1
501000010190,ASH,O,1|2,1,1129, 0.020000,      0.00,      0.00,1
501000010190,ASH,C,1|2,1,1129, 0.020000,      0.00,      0.00,1
501000010190,ASH,E,1|2,1,1129, 0.020000,      0.00,      0.00,1
501000010190,EBS,O,1|2,1,1129, 0.020000,      0.00,      0.00,1
501000010190,EBS,C,1|2,1,1129, 0.020000,      0.00,      0.00,1
501000010190,EBS,E,1|2,1,1129, 0.020000,      0.00,      0.00,1
331000016800,ASH,O,1|2,1,1129, 0.250000,      0.00,      0.00,1
331000016800,ASH,C,1|2,1,1129, 0.250000,      0.00,      0.00,1
331000016800,ASH,E,1|2,1,1129, 0.250000,      0.00,      0.00,1
331000016800,EBS,O,1|2,1,1129, 0.300000,      0.00,      0.00,1
331000016800,EBS,C,1|2,1,1129, 0.300000,      0.00,      0.00,1
331000016800,EBS,E,1|2,1,1129, 0.300000,      0.00,      0.00,1
505000010276,EBS,O,1|2,1,1129, 0.020000,      0.00,      0.00,1
505000010276,EBS,C,1|2,1,1129, 0.020000,      0.00,      0.00,1
505000010276,EBS,E,1|2,1,1129, 0.020000,      0.00,      0.00,1
398000066211,EBS,O,1|2,1,1129, 0.040000,      0.00,      0.00,1
398000066211,EBS,C,1|2,1,1129, 0.040000,      0.00,      0.00,1
398000066211,EBS,E,1|2,1,1129, 0.040000,      0.00,      0.00,1
316000032520,ASH,O,1|2,1,1128, 0.500000,      0.00,      0.00,1
316000032520,ASH,C,1|2,1,1128, 0.500000,      0.00,      0.00,1
316000032520,ASH,E,1|2,1,1128, 0.500000,      0.00,      0.00,1
316000032520,EBS,E,1|2,1,1128, 0.010000,      0.00,      0.00,1
316000032520,EBS,C,1|2,1,1128, 0.010000,      0.00,      0.00,1
316000032520,EBS,O,1|2,1,1128, 0.010000,      0.00,      0.00,1
501000010237,EBS,O,1|2,1,1129, 0.200000,      0.00,      0.00,1
501000010237,EBS,C,1|2,1,1129, 0.200000,      0.00,      0.00,1
501000010237,EBS,E,1|2,1,1129, 0.200000,      0.00,      0.00,1
398000060086,EBS,O,1|2,1,1145, 0.140000,      0.00,      0.00,1
398000060086,EBS,C,1|2,1,1145, 0.140000,      0.00,      0.00,1
398000060086,EBS,E,1|2,1,1145, 0.140000,      0.00,      0.00,1
365000016672,EBS,O,1|2,1,1121, 0.010000,      0.00,      0.00,1
365000016672,EBS,C,1|2,1,1121, 0.010000,      0.00,      0.00,1
365000016672,EBS,E,1|2,1,1121, 0.010000,      0.00,      0.00,1
396000014446,EBS,O,1|2,1,4095, 0.040000,      0.00,      0.00,1
396000014446,EBS,C,1|2,1,4095, 0.040000,      0.00,      0.00,1
396000014446,EBS,E,1|2,1,4095, 0.040000,      0.00,      0.00,1
398000011171,EBS,O,1|2,1,1145, 0.010000,      0.00,      0.00,1
398000011171,EBS,E,1|2,1,1145, 0.010000,      0.00,      0.00,1
398000011171,EBS,C,1|2,1,1145, 0.010000,      0.00,      0.00,1
398000010802,EBS,O,1|2,1,1129, 0.010000,      0.00,      0.00,1
398000010802,EBS,C,1|2,1,1129, 0.010000,      0.00,      0.00,1
398000010802,EBS,E,1|2,1,1129, 0.010000,      0.00,      0.00,1
378000012090,EBS,O,1|2,1,1129, 0.040000,      0.00,      0.00,1
378000012090,EBS,C,1|2,1,1129, 0.040000,      0.00,      0.00,1
378000012090,EBS,E,1|2,1,1129, 0.040000,      0.00,      0.00,1
339000017410,EBS,C,1|2,1,1129, 0.010000,      0.00,      0.00,1
339000017410,ASH,E,1|2,1,1129, 0.010000,      0.00,      0.00,1
339000017410,EBS,E,1|2,1,1129, 0.010000,      0.00,      0.00,1
339000017410,EBS,O,1|2,1,1129, 0.010000,      0.00,      0.00,1
339000017410,ASH,C,1|2,1,1129, 0.010000,      0.00,      0.00,1
339000017410,ASH,O,1|2,1,1129, 0.010000,      0.00,      0.00,1
365000016695,EBS,O,1|2,1,1121, 0.300000,      0.00,      0.00,1
365000016695,EBS,C,1|2,1,1121, 0.300000,      0.00,      0.00,1
365000016695,EBS,E,1|2,1,1121, 0.300000,      0.00,      0.00,1
365000016887,EBS,O,1|2,1,1121, 0.300000,      0.00,      0.00,1
365000016887,EBS,C,1|2,1,1121, 0.300000,      0.00,      0.00,1
365000016887,EBS,E,1|2,1,1121, 0.300000,      0.00,      0.00,1
356000013186,EBS,O,1|2,1,1129, 0.020000,      0.00,      0.00,1
356000013186,EBS,C,1|2,1,1129, 0.020000,      0.00,      0.00,1
356000013186,EBS,E,1|2,1,1129, 0.020000,      0.00,      0.00,1
388000011669,EBS,O,1|2,1,4095, 0.010000,      0.00,      0.00,1
388000011669,EBS,C,1|2,1,4095, 0.010000,      0.00,      0.00,1
388000011669,EBS,E,1|2,1,4095, 0.010000,      0.00,      0.00,1
304000036609,EBS,O,1|2,1,4095, 0.010000,      0.00,      0.00,1
304000036609,EBS,C,1|2,1,4095, 0.010000,      0.00,      0.00,1
304000036609,EBS,E,1|2,1,4095, 0.010000,      0.00,      0.00,1
511000010031,EBS,O,1|2,1,1129, 0.140000,      0.00,      0.00,1
511000010031,EBS,C,1|2,1,1129, 0.140000,      0.00,      0.00,1
511000010031,EBS,E,1|2,1,1129, 0.140000,      0.00,      0.00,1
398000073276,EBS,O,1|2,1,1145, 0.010000,      0.00,      0.00,1
398000073276,EBS,C,1|2,1,1145, 0.010000,      0.00,      0.00,1
398000073276,EBS,E,1|2,1,1145, 0.010000,      0.00,      0.00,1
392000010509,EBS,C,1|2,1,1129, 0.500000,      0.00,      0.00,1
392000010509,EBS,E,1|2,1,1129, 0.500000,      0.00,      0.00,1
392000010509,ASH,E,1|2,1,1129, 0.500000,      0.00,      0.00,1
392000010509,ASH,C,1|2,1,1129, 0.500000,      0.00,      0.00,1
392000010509,EBS,O,1|2,1,1129, 0.500000,      0.00,      0.00,1
392000010509,ASH,O,1|2,1,1129, 0.500000,      0.00,      0.00,1
339000018147,ASH,O,1|2,1,1129, 0.010000,      0.00,      0.00,1
339000018147,ASH,C,1|2,1,1129, 0.010000,      0.00,      0.00,1
339000018147,ASH,E,1|2,1,1129, 0.010000,      0.00,      0.00,1
339000018147,EBS,O,1|2,1,1129, 0.010000,      0.00,      0.00,1
339000018147,EBS,C,1|2,1,1129, 0.010000,      0.00,      0.00,1
339000018147,EBS,E,1|2,1,1129, 0.010000,      0.00,      0.00,1
389000013297,ASH,O,1|2,1,1129, 0.010000,      0.00,      0.00,1
389000013297,ASH,C,1|2,1,1129, 0.010000,      0.00,      0.00,1
389000013297,ASH,E,1|2,1,1129, 0.010000,      0.00,      0.00,1
389000013297,EBS,O,1|2,1,1129, 0.010000,      0.00,      0.00,1
389000013297,EBS,C,1|2,1,1129, 0.010000,      0.00,      0.00,1
389000013297,EBS,E,1|2,1,1129, 0.010000,      0.00,      0.00,1
306000067216,EBS,O,1|2,1,1128, 0.010000,      0.00,      0.00,1
306000067216,EBS,C,1|2,1,1128, 0.010000,      0.00,      0.00,1
306000067216,EBS,E,1|2,1,1128, 0.010000,      0.00,      0.00,1
351000012585,EBS,O,1|2,1,1131, 0.040000,      0.00,      0.00,1
351000012585,EBS,C,1|2,1,1131, 0.040000,      0.00,      0.00,1
351000012585,EBS,E,1|2,1,1131, 0.040000,      0.00,      0.00,1
351000012585,EBS,O,1|2,1,1129, 0.400000,      0.00,      0.00,1
351000012585,EBS,C,1|2,1,1129, 0.400000,      0.00,      0.00,1
351000012585,EBS,E,1|2,1,1129, 0.400000,      0.00,      0.00,1
316000032062,EBS,C,1|2,1,1128, 0.010000,      0.00,      0.00,1
316000032062,EBS,O,1|2,1,1128, 0.010000,      0.00,      0.00,1
316000032062,EBS,E,1|2,1,1128, 0.010000,      0.00,      0.00,1
316000032062,ASH,E,1|2,1,1128, 0.500000,      0.00,      0.00,1
316000032062,ASH,C,1|2,1,1128, 0.500000,      0.00,      0.00,1
316000032062,ASH,O,1|2,1,1128, 0.500000,      0.00,      0.00,1
331000016938,ASH,O,1|2,1,1129, 0.141600,      0.00,      0.00,1
331000016938,ASH,C,1|2,1,1129, 0.141600,      0.00,      0.00,1
331000016938,ASH,E,1|2,1,1129, 0.141600,      0.00,      0.00,1
331000016938,EBS,O,1|2,1,1129, 0.170000,      0.00,      0.00,1
331000016938,EBS,C,1|2,1,1129, 0.170000,      0.00,      0.00,1
331000016938,EBS,E,1|2,1,1129, 0.170000,      0.00,      0.00,1
339000017459,EBS,E,1|2,1,1129, 0.010000,      0.00,      0.00,1
339000017459,EBS,C,1|2,1,1129, 0.010000,      0.00,      0.00,1
339000017459,EBS,O,1|2,1,1129, 0.010000,      0.00,      0.00,1
339000017459,ASH,E,1|2,1,1129, 0.010000,      0.00,      0.00,1
339000017459,ASH,C,1|2,1,1129, 0.010000,      0.00,      0.00,1
339000017459,ASH,O,1|2,1,1129, 0.010000,      0.00,      0.00,1
505000010219,EBS,O,1|2,1,1129, 0.010000,      0.00,      0.00,1
505000010219,EBS,C,1|2,1,1129, 0.010000,      0.00,      0.00,1
505000010219,EBS,E,1|2,1,1129, 0.010000,      0.00,      0.00,1
389000012578,EBS,E,1|2,1,1129, 0.010000,      0.00,      0.00,1
389000012578,EBS,O,1|2,1,1129, 0.010000,      0.00,      0.00,1
389000012578,ASH,C,1|2,1,1129, 0.010000,      0.00,      0.00,1
389000012578,EBS,C,1|2,1,1129, 0.010000,      0.00,      0.00,1
389000012578,ASH,E,1|2,1,1129, 0.010000,      0.00,      0.00,1
389000012578,ASH,O,1|2,1,1129, 0.010000,      0.00,      0.00,1
371000011756,ASH,O,1|2,1,1129, 0.020000,      0.00,      0.00,1
371000011756,ASH,C,1|2,1,1129, 0.020000,      0.00,      0.00,1
371000011756,ASH,E,1|2,1,1129, 0.020000,      0.00,      0.00,1
371000011756,EBS,O,1|2,1,1129, 0.020000,      0.00,      0.00,1
371000011756,EBS,C,1|2,1,1129, 0.020000,      0.00,      0.00,1
371000011756,EBS,E,1|2,1,1129, 0.020000,      0.00,      0.00,1
398000011289,EBS,O,1|2,1,1145, 0.010000,      0.00,      0.00,1
398000011289,EBS,C,1|2,1,1145, 0.010000,      0.00,      0.00,1
398000011289,EBS,E,1|2,1,1145, 0.010000,      0.00,      0.00,1
373000013041,ASH,O,1|2,1,4095, 0.500000,      0.00,      0.00,1
373000013041,ASH,C,1|2,1,4095, 0.500000,      0.00,      0.00,1
373000013041,EBS,O,1|2,1,4095, 0.010000,      0.00,      0.00,1
373000013041,EBS,C,1|2,1,4095, 0.010000,      0.00,      0.00,1
373000013041,EBS,E,1|2,1,4095, 0.010000,      0.00,      0.00,1
373000013041,ASH,E,1|2,1,4095, 0.500000,      0.00,      0.00,1
398000011620,EBS,O,1|2,1,1145, 0.010000,      0.00,      0.00,1
398000011620,EBS,C,1|2,1,1145, 0.010000,      0.00,      0.00,1
398000011620,EBS,E,1|2,1,1145, 0.010000,      0.00,      0.00,1
398000011302,EBS,E,1|2,1,1145, 0.010000,      0.00,      0.00,1
398000011302,EBS,C,1|2,1,1145, 0.010000,      0.00,      0.00,1
398000011302,EBS,O,1|2,1,1145, 0.010000,      0.00,      0.00,1
358000011421,EBS,O,1|2,1,1129, 0.100000,      0.00,      0.00,1
358000011421,EBS,C,1|2,1,1129, 0.100000,      0.00,      0.00,1
358000011421,EBS,E,1|2,1,1129, 0.100000,      0.00,      0.00,1
373000013039,ASH,O,1|2,1,4095, 0.500000,      0.00,      0.00,1
373000013039,ASH,C,1|2,1,4095, 0.500000,      0.00,      0.00,1
373000013039,ASH,E,1|2,1,4095, 0.500000,      0.00,      0.00,1
373000013039,EBS,O,1|2,1,4095, 0.010000,      0.00,      0.00,1
373000013039,EBS,C,1|2,1,4095, 0.010000,      0.00,      0.00,1
373000013039,EBS,E,1|2,1,4095, 0.010000,      0.00,      0.00,1
339000017812,ASH,O,1|2,1,1129, 0.010000,      0.00,      0.00,1
339000017812,ASH,C,1|2,1,1129, 0.010000,      0.00,      0.00,1
339000017812,ASH,E,1|2,1,1129, 0.010000,      0.00,      0.00,1
339000017812,EBS,O,1|2,1,1129, 0.010000,      0.00,      0.00,1
339000017812,EBS,C,1|2,1,1129, 0.010000,      0.00,      0.00,1
339000017812,EBS,E,1|2,1,1129, 0.010000,      0.00,      0.00,1
339000017816,ASH,O,1|2,1,1129, 0.010000,      0.00,      0.00,1
339000017816,ASH,C,1|2,1,1129, 0.010000,      0.00,      0.00,1
339000017816,ASH,E,1|2,1,1129, 0.010000,      0.00,      0.00,1
339000017816,EBS,O,1|2,1,1129, 0.010000,      0.00,      0.00,1
339000017816,EBS,C,1|2,1,1129, 0.010000,      0.00,      0.00,1
339000017816,EBS,E,1|2,1,1129, 0.010000,      0.00,      0.00,1
301000028039,ASH,O,1|2,1,1129, 0.250000,      0.00,      0.00,1
301000028039,ASH,C,1|2,1,1129, 0.250000,      0.00,      0.00,1
301000028039,ASH,E,1|2,1,1129, 0.250000,      0.00,      0.00,1
301000028039,EBS,O,1|2,1,1129, 0.250000,      0.00,      0.00,1
301000028039,EBS,C,1|2,1,1129, 0.250000,      0.00,      0.00,1
301000028039,EBS,E,1|2,1,1129, 0.250000,      0.00,      0.00,1
388000011711,EBS,O,1|2,1,4095, 0.140000,      0.00,      0.00,1
388000011711,EBS,C,1|2,1,4095, 0.140000,      0.00,      0.00,1
388000011711,EBS,E,1|2,1,4095, 0.140000,      0.00,      0.00,1
388000011670,EBS,O,1|2,1,4095, 0.020000,      0.00,      0.00,1
388000011670,EBS,C,1|2,1,4095, 0.020000,      0.00,      0.00,1
388000011670,EBS,E,1|2,1,4095, 0.020000,      0.00,      0.00,1
320000068222,EBS,O,1|2,1,1120, 0.100000,      0.00,      0.00,1
320000068222,EBS,C,1|2,1,1120, 0.100000,      0.00,      0.00,1
320000068222,EBS,E,1|2,1,1120, 0.100000,      0.00,      0.00,1
316000032591,ASH,O,1|2,1,1128, 0.500000,      0.00,      0.00,1
316000032591,ASH,C,1|2,1,1128, 0.500000,      0.00,      0.00,1
316000032591,ASH,E,1|2,1,1128, 0.500000,      0.00,      0.00,1
316000032591,EBS,O,1|2,1,1128, 0.010000,      0.00,      0.00,1
316000032591,EBS,C,1|2,1,1128, 0.010000,      0.00,      0.00,1
316000032591,EBS,E,1|2,1,1128, 0.010000,      0.00,      0.00,1
398000055103,EBS,O,1|2,1,1129, 0.020000,      0.00,      0.00,1
398000055103,EBS,C,1|2,1,1129, 0.020000,      0.00,      0.00,1
398000055103,EBS,E,1|2,1,1129, 0.020000,      0.00,      0.00,1
316000032588,ASH,O,1|2,1,1128, 0.500000,      0.00,      0.00,1
316000032588,ASH,C,1|2,1,1128, 0.500000,      0.00,      0.00,1
316000032588,ASH,E,1|2,1,1128, 0.500000,      0.00,      0.00,1
316000032588,EBS,E,1|2,1,1128, 0.040000,      0.00,      0.00,1
316000032588,EBS,C,1|2,1,1128, 0.040000,      0.00,      0.00,1
316000032588,EBS,O,1|2,1,1128, 0.040000,      0.00,      0.00,1
371000012027,ASH,O,1|2,1,1129, 0.010000,      0.00,      0.00,1
371000012027,ASH,C,1|2,1,1129, 0.010000,      0.00,      0.00,1
371000012027,ASH,E,1|2,1,1129, 0.010000,      0.00,      0.00,1
371000012027,EBS,O,1|2,1,1129, 0.010000,      0.00,      0.00,1
371000012027,EBS,C,1|2,1,1129, 0.010000,      0.00,      0.00,1
371000012027,EBS,E,1|2,1,1129, 0.010000,      0.00,      0.00,1
365000016790,EBS,O,1|2,1,1121, 0.040000,      0.00,      0.00,1
365000016790,EBS,C,1|2,1,1121, 0.040000,      0.00,      0.00,1
365000016790,EBS,E,1|2,1,1121, 0.040000,      0.00,      0.00,1
318000000904,EBS,O,1|2,1,1128, 0.200000,      0.00,      0.00,1
318000000904,EBS,C,1|2,1,1128, 0.200000,      0.00,      0.00,1
318000000904,EBS,E,1|2,1,1128, 0.200000,      0.00,      0.00,1
318000000904,ASH,O,1|2,1,1128, 0.200000,      0.00,      0.00,1
318000000904,ASH,C,1|2,1,1128, 0.200000,      0.00,      0.00,1
318000000904,ASH,E,1|2,1,1128, 0.200000,      0.00,      0.00,1
508000010287,EBS,O,1|2,1,4095, 0.020000,      0.00,      0.00,1
508000010287,EBS,C,1|2,1,4095, 0.020000,      0.00,      0.00,1
508000010287,EBS,E,1|2,1,4095, 0.020000,      0.00,      0.00,1
319000057777,EBS,O,1|2,1,1128, 0.040000,      0.00,      0.00,1
319000057777,EBS,C,1|2,1,1128, 0.040000,      0.00,      0.00,1
319000057777,EBS,E,1|2,1,1128, 0.040000,      0.00,      0.00,1
505000010146,EBS,O,1|2,1,1129, 0.050000,      0.00,      0.00,1
505000010146,EBS,C,1|2,1,1129, 0.050000,      0.00,      0.00,1
505000010146,EBS,E,1|2,1,1129, 0.050000,      0.00,      0.00,1
398000080409,EBS,O,1|2,1,1129, 0.020000,      0.00,      0.00,1
398000080409,EBS,C,1|2,1,1129, 0.020000,      0.00,      0.00,1
398000080409,EBS,E,1|2,1,1129, 0.020000,      0.00,      0.00,1
398000041042,EBS,O,1|2,1,1129, 0.010000,      0.00,      0.00,1
398000041042,EBS,C,1|2,1,1129, 0.010000,      0.00,      0.00,1
398000041042,EBS,E,1|2,1,1129, 0.010000,      0.00,      0.00,1
389000012579,EBS,C,1|2,1,1129, 0.010000,      0.00,      0.00,1
389000012579,EBS,O,1|2,1,1129, 0.010000,      0.00,      0.00,1
389000012579,ASH,C,1|2,1,1129, 0.010000,      0.00,      0.00,1
389000012579,EBS,E,1|2,1,1129, 0.010000,      0.00,      0.00,1
389000012579,ASH,E,1|2,1,1129, 0.010000,      0.00,      0.00,1
389000012579,ASH,O,1|2,1,1129, 0.010000,      0.00,      0.00,1
361000013769,EBS,O,1|2,1,1129, 0.010000,      0.00,      0.00,1
361000013769,EBS,C,1|2,1,1129, 0.010000,      0.00,      0.00,1
361000013769,EBS,E,1|2,1,1129, 0.010000,      0.00,      0.00,1
398000012336,EBS,O,1|2,1,1129, 0.120000,      0.00,      0.00,1
398000012336,EBS,C,1|2,1,1129, 0.120000,      0.00,      0.00,1
398000012336,EBS,E,1|2,1,1129, 0.120000,      0.00,      0.00,1
371000011776,ASH,O,1|2,1,1129, 0.010000,      0.00,      0.00,1
371000011776,ASH,C,1|2,1,1129, 0.010000,      0.00,      0.00,1
371000011776,ASH,E,1|2,1,1129, 0.010000,      0.00,      0.00,1
371000011776,EBS,O,1|2,1,1129, 0.010000,      0.00,      0.00,1
371000011776,EBS,C,1|2,1,1129, 0.010000,      0.00,      0.00,1
371000011776,EBS,E,1|2,1,1129, 0.010000,      0.00,      0.00,1
501000010189,EBS,O,1|2,1,1129, 0.010000,      0.00,      0.00,1
501000010189,EBS,C,1|2,1,1129, 0.010000,      0.00,      0.00,1
501000010189,EBS,E,1|2,1,1129, 0.010000,      0.00,      0.00,1
339000017806,ASH,O,1|2,1,1129, 0.010000,      0.00,      0.00,1
339000017806,ASH,C,1|2,1,1129, 0.010000,      0.00,      0.00,1
339000017806,ASH,E,1|2,1,1129, 0.010000,      0.00,      0.00,1
339000017806,EBS,O,1|2,1,1129, 0.010000,      0.00,      0.00,1
339000017806,EBS,C,1|2,1,1129, 0.010000,      0.00,      0.00,1
339000017806,EBS,E,1|2,1,1129, 0.010000,      0.00,      0.00,1
302000043437,EBS,O,1|2,1,1129, 0.020000,      0.00,      0.00,1
302000043437,EBS,C,1|2,1,1129, 0.020000,      0.00,      0.00,1
302000043437,EBS,E,1|2,1,1129, 0.020000,      0.00,      0.00,1
339000017351,EBS,E,1|2,1,1129, 0.010000,      0.00,      0.00,1
339000017351,EBS,C,1|2,1,1129, 0.010000,      0.00,      0.00,1
339000017351,ASH,E,1|2,1,1129, 0.010000,      0.00,      0.00,1
339000017351,EBS,O,1|2,1,1129, 0.010000,      0.00,      0.00,1
339000017351,ASH,C,1|2,1,1129, 0.010000,      0.00,      0.00,1
339000017351,ASH,O,1|2,1,1129, 0.010000,      0.00,      0.00,1
339000017467,EBS,E,1|2,1,1129, 0.010000,      0.00,      0.00,1
339000017467,EBS,C,1|2,1,1129, 0.010000,      0.00,      0.00,1
339000017467,EBS,O,1|2,1,1129, 0.010000,      0.00,      0.00,1
339000017467,ASH,E,1|2,1,1129, 0.010000,      0.00,      0.00,1
339000017467,ASH,C,1|2,1,1129, 0.010000,      0.00,      0.00,1
339000017467,ASH,O,1|2,1,1129, 0.010000,      0.00,      0.00,1
316000032410,ASH,O,1|2,1,1128, 0.500000,      0.00,      0.00,1
316000032410,ASH,C,1|2,1,1128, 0.500000,      0.00,      0.00,1
316000032410,ASH,E,1|2,1,1128, 0.500000,      0.00,      0.00,1
316000032410,EBS,O,1|2,1,1128, 0.020000,      0.00,      0.00,1
316000032410,EBS,C,1|2,1,1128, 0.020000,      0.00,      0.00,1
316000032410,EBS,E,1|2,1,1128, 0.020000,      0.00,      0.00,1
339000017453,EBS,O,1|2,1,1129, 0.010000,      0.00,      0.00,1
339000017453,ASH,E,1|2,1,1129, 0.010000,      0.00,      0.00,1
339000017453,EBS,E,1|2,1,1129, 0.010000,      0.00,      0.00,1
339000017453,EBS,C,1|2,1,1129, 0.010000,      0.00,      0.00,1
339000017453,ASH,C,1|2,1,1129, 0.010000,      0.00,      0.00,1
339000017453,ASH,O,1|2,1,1129, 0.010000,      0.00,      0.00,1
339000017448,EBS,E,1|2,1,1129, 0.010000,      0.00,      0.00,1
339000017448,EBS,C,1|2,1,1129, 0.010000,      0.00,      0.00,1
339000017448,EBS,O,1|2,1,1129, 0.010000,      0.00,      0.00,1
339000017448,ASH,E,1|2,1,1129, 0.010000,      0.00,      0.00,1
339000017448,ASH,C,1|2,1,1129, 0.010000,      0.00,      0.00,1
339000017448,ASH,O,1|2,1,1129, 0.010000,      0.00,      0.00,1
339000017438,EBS,O,1|2,1,1129, 0.010000,      0.00,      0.00,1
339000017438,EBS,E,1|2,1,1129, 0.010000,      0.00,      0.00,1
339000017438,EBS,C,1|2,1,1129, 0.010000,      0.00,      0.00,1
339000017438,ASH,E,1|2,1,1129, 0.010000,      0.00,      0.00,1
339000017438,ASH,C,1|2,1,1129, 0.010000,      0.00,      0.00,1
339000017438,ASH,O,1|2,1,1129, 0.010000,      0.00,      0.00,1
398000011212,EBS,E,1|2,1,1145, 0.010000,      0.00,      0.00,1
398000011212,EBS,C,1|2,1,1145, 0.010000,      0.00,      0.00,1
398000011212,EBS,O,1|2,1,1145, 0.010000,      0.00,      0.00,1
356000012966,EBS,O,1|2,1,1129, 0.020000,      0.00,      0.00,1
356000012966,EBS,C,1|2,1,1129, 0.020000,      0.00,      0.00,1
356000012966,EBS,E,1|2,1,1129, 0.020000,      0.00,      0.00,1
398000011811,EBS,C,1|2,1,1145, 0.010000,      0.00,      0.00,1
398000011811,EBS,E,1|2,1,1145, 0.010000,      0.00,      0.00,1
398000011811,EBS,O,1|2,1,1145, 0.010000,      0.00,      0.00,1
398000011213,EBS,C,1|2,1,1145, 0.010000,      0.00,      0.00,1
398000011213,EBS,E,1|2,1,1145, 0.010000,      0.00,      0.00,1
398000011213,EBS,O,1|2,1,1145, 0.010000,      0.00,      0.00,1
316000032403,ASH,O,1|2,1,1128, 0.500000,      0.00,      0.00,1
316000032403,ASH,C,1|2,1,1128, 0.500000,      0.00,      0.00,1
316000032403,ASH,E,1|2,1,1128, 0.500000,      0.00,      0.00,1
316000032403,EBS,E,1|2,1,1128, 0.020000,      0.00,      0.00,1
316000032403,EBS,C,1|2,1,1128, 0.020000,      0.00,      0.00,1
316000032403,EBS,O,1|2,1,1128, 0.020000,      0.00,      0.00,1
339000015328,EBS,E,1|2,1,1129, 0.010000,      0.00,      0.00,1
339000015328,EBS,C,1|2,1,1129, 0.010000,      0.00,      0.00,1
339000015328,EBS,O,1|2,1,1129, 0.010000,      0.00,      0.00,1
339000015328,ASH,O,1|2,1,1129, 0.010000,      0.00,      0.00,1
339000015328,ASH,E,1|2,1,1129, 0.010000,      0.00,      0.00,1
339000015328,ASH,C,1|2,1,1129, 0.010000,      0.00,      0.00,1
501000010088,EBS,E,1|2,1,1128, 0.040000,      0.00,      0.00,1
501000010088,EBS,C,1|2,1,1128, 0.040000,      0.00,      0.00,1
501000010088,EBS,O,1|2,1,1128, 0.040000,      0.00,      0.00,1
316000032339,ASH,O,1|2,1,1128, 0.500000,      0.00,      0.00,1
316000032339,ASH,C,1|2,1,1128, 0.500000,      0.00,      0.00,1
316000032339,ASH,E,2,1,1128, 0.500000,      0.00,      0.00,1
316000032339,EBS,O,1|2,1,1128, 0.140000,      0.00,      0.00,1
316000032339,EBS,C,1|2,1,1128, 0.140000,      0.00,      0.00,1
316000032339,EBS,E,1|2,1,1128, 0.140000,      0.00,      0.00,1
316000032339,ASH,E,1,1,1128, 0.500000,      0.00,      0.00,1
398000010836,EBS,C,1|2,1,1145, 0.010000,      0.00,      0.00,1
398000010836,EBS,E,1|2,1,1145, 0.010000,      0.00,      0.00,1
398000010836,EBS,O,1|2,1,1145, 0.010000,      0.00,      0.00,1
396000013429,EBS,O,1|2,1,1129, 0.040000,      0.00,      0.00,1
396000013429,EBS,C,1|2,1,1129, 0.040000,      0.00,      0.00,1
396000013429,EBS,E,1|2,1,1129, 0.040000,      0.00,      0.00,1
390000010231,ASH,O,1|2,1,1129, 0.010000,      0.00,      0.00,1
390000010231,ASH,C,1|2,1,1129, 0.010000,      0.00,      0.00,1
390000010231,ASH,E,1|2,1,1129, 0.010000,      0.00,      0.00,1
390000010231,EBS,O,1|2,1,1129, 0.010000,      0.00,      0.00,1
390000010231,EBS,C,1|2,1,1129, 0.010000,      0.00,      0.00,1
390000010231,EBS,E,1|2,1,1129, 0.010000,      0.00,      0.00,1
369000011233,EBS,C,1|2,1,1129, 0.020000,      0.00,      0.00,1
369000011233,EBS,E,1|2,1,1129, 0.020000,      0.00,      0.00,1
369000011233,EBS,O,1|2,1,1129, 0.020000,      0.00,      0.00,1
316000032322,ASH,O,1|2,1,1128, 0.500000,      0.00,      0.00,1
316000032322,ASH,C,1|2,1,1128, 0.500000,      0.00,      0.00,1
316000032322,ASH,E,1|2,1,1128, 0.500000,      0.00,      0.00,1
316000032322,EBS,O,1|2,1,1128, 0.040000,      0.00,      0.00,1
316000032322,EBS,C,1|2,1,1128, 0.040000,      0.00,      0.00,1
316000032322,EBS,E,1|2,1,1128, 0.040000,      0.00,      0.00,1
319000011103,EBS,O,1|2,1,1128, 0.040000,      0.00,      0.00,1
319000011103,EBS,C,1|2,1,1128, 0.040000,      0.00,      0.00,1
319000011103,EBS,E,1|2,1,1128, 0.040000,      0.00,      0.00,1
316000032129,EBS,C,1|2,1,1128, 0.010000,      0.00,      0.00,1
316000032129,EBS,E,1|2,1,1128, 0.010000,      0.00,      0.00,1
316000032129,EBS,O,1|2,1,1128, 0.010000,      0.00,      0.00,1
316000032129,ASH,E,1|2,1,1128, 0.500000,      0.00,      0.00,1
316000032129,ASH,C,1|2,1,1128, 0.500000,      0.00,      0.00,1
316000032129,ASH,O,1|2,1,1128, 0.500000,      0.00,      0.00,1
319000010448,EBS,O,1|2,1,1128, 0.020000,      0.00,      0.00,1
319000010448,EBS,C,1|2,1,1128, 0.020000,      0.00,      0.00,1
319000010448,EBS,E,1|2,1,1128, 0.020000,      0.00,      0.00,1
339000018161,ASH,O,1|2,1,1129, 0.010000,      0.00,      0.00,1
339000018161,ASH,C,1|2,1,1129, 0.010000,      0.00,      0.00,1
339000018161,ASH,E,1|2,1,1129, 0.010000,      0.00,      0.00,1
339000018161,EBS,E,1|2,1,1129, 0.010000,      0.00,      0.00,1
339000018161,EBS,C,1|2,1,1129, 0.010000,      0.00,      0.00,1
339000018161,EBS,O,1|2,1,1129, 0.010000,      0.00,      0.00,1
371000011827,ASH,O,1|2,1,1129, 0.010000,      0.00,      0.00,1
371000011827,ASH,C,1|2,1,1129, 0.010000,      0.00,      0.00,1
371000011827,ASH,E,1|2,1,1129, 0.010000,      0.00,      0.00,1
371000011827,EBS,O,1|2,1,1129, 0.010000,      0.00,      0.00,1
371000011827,EBS,C,1|2,1,1129, 0.010000,      0.00,      0.00,1
371000011827,EBS,E,1|2,1,1129, 0.010000,      0.00,      0.00,1
505000010401,EBS,O,1|2,1,1129, 0.010000,      0.00,      0.00,1
505000010401,EBS,C,1|2,1,1129, 0.010000,      0.00,      0.00,1
505000010401,EBS,E,1|2,1,1129, 0.010000,      0.00,      0.00,1
358000011763,ASH,O,1|2,1,1129, 0.100000,      0.00,      0.00,1
358000011763,ASH,C,1|2,1,1129, 0.100000,      0.00,      0.00,1
358000011763,ASH,E,1|2,1,1129, 0.100000,      0.00,      0.00,1
358000011763,EBS,O,1|2,1,1129, 0.100000,      0.00,      0.00,1
358000011763,EBS,C,1|2,1,1129, 0.100000,      0.00,      0.00,1
358000011763,EBS,E,1|2,1,1129, 0.100000,      0.00,      0.00,1
396000015197,EBS,O,1|2,1,4095, 0.040000,      0.00,      0.00,1
396000015197,EBS,C,1|2,1,4095, 0.040000,      0.00,      0.00,1
396000015197,EBS,E,1|2,1,4095, 0.040000,      0.00,      0.00,1
505000010110,EBS,O,1|2,1,1129, 0.010000,      0.00,      0.00,1
505000010110,EBS,C,1|2,1,1129, 0.010000,      0.00,      0.00,1
505000010110,EBS,E,1|2,1,1129, 0.010000,      0.00,      0.00,1
373000013162,ASH,O,1|2,1,4095, 0.500000,      0.00,      0.00,1
373000013162,ASH,C,1|2,1,4095, 0.500000,      0.00,      0.00,1
373000013162,EBS,O,1|2,1,4095, 0.010000,      0.00,      0.00,1
373000013162,EBS,C,1|2,1,4095, 0.010000,      0.00,      0.00,1
373000013162,EBS,E,1|2,1,4095, 0.010000,      0.00,      0.00,1
373000013162,ASH,E,1|2,1,4095, 0.500000,      0.00,      0.00,1
339000017811,ASH,O,1|2,1,1129, 0.010000,      0.00,      0.00,1
339000017811,ASH,C,1|2,1,1129, 0.010000,      0.00,      0.00,1
339000017811,ASH,E,1|2,1,1129, 0.010000,      0.00,      0.00,1
339000017811,EBS,O,1|2,1,1129, 0.010000,      0.00,      0.00,1
339000017811,EBS,C,1|2,1,1129, 0.010000,      0.00,      0.00,1
339000017811,EBS,E,1|2,1,1129, 0.010000,      0.00,      0.00,1
351000011241,EBS,O,1|2,1,1129, 0.190000,      0.00,      0.00,1
351000011241,EBS,C,1|2,1,1129, 0.190000,      0.00,      0.00,1
351000011241,EBS,E,1|2,1,1128, 0.190000,      0.00,      0.00,1
505000010055,EBS,C,1|2,1,1129, 0.050000,      0.00,      0.00,1
505000010055,EBS,E,1|2,1,1129, 0.050000,      0.00,      0.00,1
505000010055,EBS,O,1,1,1129, 0.050000,      0.00,      0.00,1
398000011691,EBS,O,1|2,1,1145, 0.100000,      0.00,      0.00,1
398000011691,EBS,C,1|2,1,1145, 0.100000,      0.00,      0.00,1
398000011691,EBS,E,1|2,1,1145, 0.100000,      0.00,      0.00,1
501000010103,EBS,E,1|2,1,1128, 0.020000,      0.00,      0.00,1
501000010103,EBS,C,1|2,1,1128, 0.020000,      0.00,      0.00,1
501000010103,EBS,O,1|2,1,1128, 0.020000,      0.00,      0.00,1
398000010968,EBS,O,1|2,1,1145, 0.010000,      0.00,      0.00,1
398000010968,EBS,E,1|2,1,1145, 0.010000,      0.00,      0.00,1
398000010968,EBS,C,1|2,1,1145, 0.010000,      0.00,      0.00,1
319000050111,EBS,E,1|2,1,1128, 0.040000,      0.00,      0.00,1
319000050111,EBS,O,1|2,1,1128, 0.040000,      0.00,      0.00,1
319000050111,EBS,C,1|2,1,1128, 0.040000,      0.00,      0.00,1
398000042608,EBS,O,1|2,1,1129, 0.010000,      0.00,      0.00,1
398000042608,EBS,C,1|2,1,1129, 0.010000,      0.00,      0.00,1
398000042608,EBS,E,1|2,1,1129, 0.010000,      0.00,      0.00,1
398000011505,EBS,O,1|2,1,1145, 0.030000,      0.00,      0.00,1
398000011505,EBS,E,1|2,1,1145, 0.030000,      0.00,      0.00,1
398000011505,EBS,C,1|2,1,1145, 0.030000,      0.00,      0.00,1
398000011300,EBS,O,1|2,1,1129, 0.120000,      0.00,      0.00,1
398000011300,EBS,C,1|2,1,1129, 0.120000,      0.00,      0.00,1
398000011300,EBS,E,1|2,1,1129, 0.120000,      0.00,      0.00,1
316000032150,EBS,E,1|2,1,1128, 0.010000,      0.00,      0.00,1
316000032150,EBS,O,1|2,1,1128, 0.010000,      0.00,      0.00,1
316000032150,EBS,C,1|2,1,1128, 0.010000,      0.00,      0.00,1
316000032150,ASH,E,1|2,1,1128, 0.500000,      0.00,      0.00,1
316000032150,ASH,O,1|2,1,1128, 0.500000,      0.00,      0.00,1
316000032150,ASH,C,1|2,1,1128, 0.500000,      0.00,      0.00,1
316000032215,EBS,C,1|2,1,1128, 0.140000,      0.00,      0.00,1
316000032215,EBS,O,1|2,1,1128, 0.140000,      0.00,      0.00,1
316000032215,ASH,E,1|2,1,1128, 0.500000,      0.00,      0.00,1
316000032215,ASH,C,1|2,1,1128, 0.500000,      0.00,      0.00,1
316000032215,ASH,O,1|2,1,1128, 0.500000,      0.00,      0.00,1
316000032215,EBS,E,1|2,1,1128, 0.140000,      0.00,      0.00,1
398000011301,EBS,O,1|2,1,1129, 0.120000,      0.00,      0.00,1
398000011301,EBS,C,1|2,1,1129, 0.120000,      0.00,      0.00,1
398000011301,EBS,E,1|2,1,1129, 0.120000,      0.00,      0.00,1
339000017801,ASH,O,1|2,1,1129, 0.010000,      0.00,      0.00,1
339000017801,ASH,C,1|2,1,1129, 0.010000,      0.00,      0.00,1
339000017801,ASH,E,1|2,1,1129, 0.010000,      0.00,      0.00,1
339000017801,EBS,O,1|2,1,1129, 0.010000,      0.00,      0.00,1
339000017801,EBS,C,1|2,1,1129, 0.010000,      0.00,      0.00,1
339000017801,EBS,E,1|2,1,1129, 0.010000,      0.00,      0.00,1
351000012108,EBS,C,1|2,1,1135, 0.010000,      0.00,      0.00,1
351000012108,EBS,O,1|2,1,1135, 0.010000,      0.00,      0.00,1
351000012108,EBS,E,1|2,1,1135, 0.010000,      0.00,      0.00,1
351000012030,EBS,O,1|2,1,1135, 0.020000,      0.00,      0.00,1
351000012030,EBS,C,1|2,1,1135, 0.020000,      0.00,      0.00,1
351000012030,EBS,E,1|2,1,1135, 0.020000,      0.00,      0.00,1
339000017996,ASH,O,1|2,1,1129, 0.010000,      0.00,      0.00,1
339000017996,ASH,C,1|2,1,1129, 0.010000,      0.00,      0.00,1
339000017996,ASH,E,1|2,1,1129, 0.010000,      0.00,      0.00,1
339000017996,EBS,O,1|2,1,1129, 0.010000,      0.00,      0.00,1
339000017996,EBS,C,1|2,1,1129, 0.010000,      0.00,      0.00,1
339000017996,EBS,E,1|2,1,1129, 0.010000,      0.00,      0.00,1
396000012915,EBS,C,1|2,1,1129, 0.100000,      0.00,      0.00,1
396000012915,EBS,O,1|2,1,1129, 0.100000,      0.00,      0.00,1
396000012915,EBS,E,1|2,1,1129, 0.100000,      0.00,      0.00,1
398000010881,EBS,E,1|2,1,1145, 0.010000,      0.00,      0.00,1
398000010881,EBS,C,1|2,1,1145, 0.010000,      0.00,      0.00,1
398000010881,EBS,O,1|2,1,1145, 0.010000,      0.00,      0.00,1
324000031208,EBS,O,1|2,1,1120, 0.050000,      0.00,      0.00,1
324000031208,EBS,C,1|2,1,1120, 0.050000,      0.00,      0.00,1
324000031208,EBS,E,1|2,1,1120, 0.050000,      0.00,      0.00,1
398000010776,EBS,O,1|2,1,1145, 0.010000,      0.00,      0.00,1
398000010776,EBS,E,1|2,1,1145, 0.010000,      0.00,      0.00,1
398000010776,EBS,C,1|2,1,1145, 0.010000,      0.00,      0.00,1
319000010083,EBS,O,1|2,1,1128, 0.040000,      0.00,      0.00,1
319000010083,EBS,C,1|2,1,1128, 0.040000,      0.00,      0.00,1
319000010083,EBS,E,1|2,1,1128, 0.040000,      0.00,      0.00,1
398000010806,EBS,E,1|2,1,1145, 0.010000,      0.00,      0.00,1
398000010806,EBS,O,1|2,1,1145, 0.010000,      0.00,      0.00,1
398000010806,EBS,C,1|2,1,1145, 0.010000,      0.00,      0.00,1
319000010282,EBS,O,1|2,1,1128, 0.040000,      0.00,      0.00,1
319000010282,EBS,E,1|2,1,1128, 0.040000,      0.00,      0.00,1
319000010282,EBS,C,1|2,1,1128, 0.040000,      0.00,      0.00,1
316000032219,EBS,C,1|2,1,1128, 0.040000,      0.00,      0.00,1
316000032219,EBS,O,1|2,1,1128, 0.040000,      0.00,      0.00,1
316000032219,EBS,E,1|2,1,1128, 0.040000,      0.00,      0.00,1
316000032219,ASH,E,1|2,1,1128, 0.500000,      0.00,      0.00,1
316000032219,ASH,O,1|2,1,1128, 0.500000,      0.00,      0.00,1
316000032219,ASH,C,1|2,1,1128, 0.500000,      0.00,      0.00,1
316000028516,EBS,E,1|2,1,1128, 0.040000,      0.00,      0.00,1
316000028516,EBS,C,1|2,1,1128, 0.040000,      0.00,      0.00,1
316000028516,EBS,O,1|2,1,1128, 0.040000,      0.00,      0.00,1
316000028516,ASH,E,1|2,1,1128, 0.500000,      0.00,      0.00,1
316000028516,ASH,O,1|2,1,1128, 0.500000,      0.00,      0.00,1
316000028516,ASH,C,1|2,1,1128, 0.500000,      0.00,      0.00,1
316000031997,ASH,O,1|2,1,1128, 0.500000,      0.00,      0.00,1
316000031997,EBS,E,1|2,1,1128, 0.040000,      0.00,      0.00,1
316000031997,ASH,E,1|2,1,1128, 0.500000,      0.00,      0.00,1
316000031997,EBS,C,1|2,1,1128, 0.040000,      0.00,      0.00,1
316000031997,EBS,O,1|2,1,1128, 0.040000,      0.00,      0.00,1
316000031997,ASH,C,1|2,1,1128, 0.500000,      0.00,      0.00,1
316000032222,EBS,E,1|2,1,1128, 0.140000,      0.00,      0.00,1
316000032222,EBS,C,1|2,1,1128, 0.140000,      0.00,      0.00,1
316000032222,EBS,O,1|2,1,1128, 0.140000,      0.00,      0.00,1
316000032222,ASH,C,1|2,1,1128, 0.500000,      0.00,      0.00,1
316000032222,ASH,E,1|2,1,1128, 0.500000,      0.00,      0.00,1
316000032222,ASH,O,1|2,1,1128, 0.500000,      0.00,      0.00,1
319000010616,EBS,E,1|2,1,1128, 0.040000,      0.00,      0.00,1
319000010616,EBS,C,1|2,1,1128, 0.040000,      0.00,      0.00,1
319000010616,EBS,O,1|2,1,1128, 0.040000,      0.00,      0.00,1
398000011189,EBS,E,1|2,1,1145, 0.010000,      0.00,      0.00,1
398000011189,EBS,O,1|2,1,1145, 0.010000,      0.00,      0.00,1
398000011189,EBS,C,1|2,1,1145, 0.010000,      0.00,      0.00,1
316000032152,ASH,O,1|2,1,1128, 0.500000,      0.00,      0.00,1
316000032152,EBS,O,1|2,1,1128, 0.040000,      0.00,      0.00,1
316000032152,ASH,E,1|2,1,1128, 0.500000,      0.00,      0.00,1
316000032152,ASH,C,1|2,1,1128, 0.500000,      0.00,      0.00,1
316000032152,EBS,E,1|2,1,1128, 0.040000,      0.00,      0.00,1
316000032152,EBS,C,1|2,1,1128, 0.040000,      0.00,      0.00,1
396000012133,EBS,O,1|2,1,1129, 0.040000,      0.00,      0.00,1
396000012133,EBS,E,1|2,1,1129, 0.040000,      0.00,      0.00,1
396000012133,EBS,C,1|2,1,1129, 0.040000,      0.00,      0.00,1
316000032153,EBS,E,1|2,1,1128, 0.140000,      0.00,      0.00,1
316000032153,EBS,C,1|2,1,1128, 0.140000,      0.00,      0.00,1
316000032153,ASH,E,1|2,1,1128, 0.500000,      0.00,      0.00,1
316000032153,EBS,O,1|2,1,1128, 0.140000,      0.00,      0.00,1
316000032153,ASH,C,1|2,1,1128, 0.500000,      0.00,      0.00,1
316000032153,ASH,O,1|2,1,1128, 0.500000,      0.00,      0.00,1
390000010212,EBS,C,1|2,1,1129, 0.020000,      0.00,      0.00,1
390000010212,EBS,O,1|2,1,1129, 0.020000,      0.00,      0.00,1
390000010212,EBS,E,1|2,1,1129, 0.020000,      0.00,      0.00,1
390000010212,ASH,O,1|2,1,1129, 0.020000,      0.00,      0.00,1
390000010212,ASH,C,1|2,1,1129, 0.020000,      0.00,      0.00,1
390000010212,ASH,E,1|2,1,1129, 0.020000,      0.00,      0.00,1
314000041398,EBS,O,1|2,1,1129, 0.020000,      0.00,      0.00,1
314000041398,EBS,C,1|2,1,1129, 0.020000,      0.00,      0.00,1
314000041398,EBS,E,1|2,1,1129, 0.020000,      0.00,      0.00,1
398000010807,EBS,E,1|2,1,1145, 0.010000,      0.00,      0.00,1
398000010807,EBS,C,1|2,1,1145, 0.010000,      0.00,      0.00,1
398000010807,EBS,O,1|2,1,1145, 0.010000,      0.00,      0.00,1
371000011795,ASH,O,1|2,1,1129, 0.010000,      0.00,      0.00,1
371000011795,ASH,C,1|2,1,1129, 0.010000,      0.00,      0.00,1
371000011795,ASH,E,1|2,1,1129, 0.010000,      0.00,      0.00,1
371000011795,EBS,O,1|2,1,1129, 0.010000,      0.00,      0.00,1
371000011795,EBS,C,1|2,1,1129, 0.010000,      0.00,      0.00,1
371000011795,EBS,E,1|2,1,1129, 0.010000,      0.00,      0.00,1
339000017808,ASH,O,1|2,1,1129, 0.010000,      0.00,      0.00,1
339000017808,ASH,C,1|2,1,1129, 0.010000,      0.00,      0.00,1
339000017808,ASH,E,1|2,1,1129, 0.010000,      0.00,      0.00,1
339000017808,EBS,O,1|2,1,1129, 0.010000,      0.00,      0.00,1
339000017808,EBS,C,1|2,1,1129, 0.010000,      0.00,      0.00,1
339000017808,EBS,E,1|2,1,1129, 0.010000,      0.00,      0.00,1
371000011793,ASH,O,1|2,1,1129, 0.010000,      0.00,      0.00,1
371000011793,ASH,C,1|2,1,1129, 0.010000,      0.00,      0.00,1
371000011793,ASH,E,1|2,1,1129, 0.010000,      0.00,      0.00,1
371000011793,EBS,O,1|2,1,1129, 0.010000,      0.00,      0.00,1
371000011793,EBS,C,1|2,1,1129, 0.010000,      0.00,      0.00,1
371000011793,EBS,E,1|2,1,1129, 0.010000,      0.00,      0.00,1
352000012532,EBS,O,1|2,1,1129, 0.020000,      0.00,      0.00,1
352000012532,EBS,C,1|2,1,1129, 0.020000,      0.00,      0.00,1
352000012532,EBS,E,1|2,1,1129, 0.020000,      0.00,      0.00,1
352000012532,ASH,E,1|2,1,1129, 0.500000,      0.00,      0.00,1
352000012532,ASH,C,1|2,1,1129, 0.500000,      0.00,      0.00,1
352000012532,ASH,O,1|2,1,1129, 0.500000,      0.00,      0.00,1
398000042597,EBS,O,1|2,1,1129, 0.010000,      0.00,      0.00,1
398000042597,EBS,C,1|2,1,1129, 0.010000,      0.00,      0.00,1
398000042597,EBS,E,1|2,1,1129, 0.010000,      0.00,      0.00,1
316000032488,ASH,O,1|2,1,1128, 0.500000,      0.00,      0.00,1
316000032488,ASH,C,1|2,1,1128, 0.500000,      0.00,      0.00,1
316000032488,ASH,E,1|2,1,1128, 0.500000,      0.00,      0.00,1
316000032488,EBS,E,1|2,1,1128, 0.010000,      0.00,      0.00,1
316000032488,EBS,C,1|2,1,1128, 0.010000,      0.00,      0.00,1
316000032488,EBS,O,1|2,1,1128, 0.010000,      0.00,      0.00,1
398000058888,EBS,O,1|2,1,1145, 0.010000,      0.00,      0.00,1
398000058888,EBS,C,1|2,1,1145, 0.010000,      0.00,      0.00,1
398000058888,EBS,E,1|2,1,1145, 0.010000,      0.00,      0.00,1
355000011505,ASH,O,1|2,1,1128, 0.150000,      0.00,      0.00,1
355000011505,ASH,C,1|2,1,1128, 0.150000,      0.00,      0.00,1
355000011505,ASH,E,1|2,1,1128, 0.150000,      0.00,      0.00,1
355000011505,EBS,O,1|2,1,1128, 0.020000,      0.00,      0.00,1
355000011505,EBS,C,1|2,1,1128, 0.020000,      0.00,      0.00,1
355000011505,EBS,E,1|2,1,1128, 0.020000,      0.00,      0.00,1
388000011545,EBS,O,1,1,4095, 0.020000,      0.00,      0.00,1
388000011545,EBS,O,2,1,4095, 0.020000,      0.00,      0.00,1
388000011545,EBS,C,1,1,4095, 0.020000,      0.00,      0.00,1
388000011545,EBS,C,2,1,4095, 0.020000,      0.00,      0.00,1
388000011545,EBS,E,1,1,4095, 0.020000,      0.00,      0.00,1
388000011545,EBS,E,2,1,4095, 0.020000,      0.00,      0.00,1
